docked_cbu_geom_id,docked_cbu_energy,cbu_nickname,bare_ion_formula,bare_ion_radius,ion_valence,empty_cbu_geom_id,empty_cbu_energy,solvated_cbu_energy,bare_ion_energy,solvated_ion_energy,solvated_dock_geom_id,solvated_dock_energy,rel_vac_docked_energy,rel_sol_docked_energy,ion_binding_energy,solvated_ion_binding_energy,bare_solvated_binding_diff,sol_sol_ion_binding_energy
579373552,-1276.027025141284,K222,Li+,90,monovalent,574985383,-1268.532139070572,-1268.532139070572,-7.289726530165,-7.433223057149,579373552.0,-1276.027025141284,0.0,0.0,-538.6464147381292,-161.89625444233113,376.7501602957981,-161.89625444233113
574993193,-1430.787561962318,K222,Na+,116,monovalent,574985383,-1268.532139070572,-1268.532139070572,-162.080818395016,-162.195871800502,574993193.0,-1430.787561962318,0.0,0.0,-458.42414108577026,-156.35140197157295,302.0727391141973,-156.35140197157295
575079303,-1868.440638557535,K222,K+,152,monovalent,574985383,-1268.532139070572,-1268.532139070572,-599.75660308502,-599.851578329495,575079303.0,-1868.440638557535,0.0,0.0,-398.8040336811271,-149.44651031668113,249.357523364446,-149.44651031668113
575079417,-1292.619635400694,K222,Rb+,166,monovalent,574985383,-1268.532139070572,-1268.532139070572,-23.948670423916,-24.034869967208,575079417.0,-1292.619635400694,0.0,0.0,-364.48744450935544,-138.1705263562997,226.31691815305575,-138.1705263562997
575074365,-1288.669702847668,K222,Cs+,167,monovalent,574985383,-1268.532139070572,-1268.532139070572,-20.008501340953,-20.084647715297,575074365.0,-1288.669702847668,0.0,0.0,-338.85345190632125,-138.93113083687714,199.9223210694441,-138.93113083687714
575112566,-1299.209251645673,K222,Sr+2,132,divalent,574985383,-1268.532139070572,-1268.532139070572,-30.100213482909,-30.519775878949,575112566.0,-1299.209251645673,0.0,0.0,-1514.648681930159,-413.08752721465066,1101.5611547155083,-413.08752721465066
575117494,-1293.966259801633,K222,Ba+2,149,divalent,574985383,-1268.532139070572,-1268.532139070572,-24.918320848578,-25.308147011253,575117494.0,-1293.966259801633,0.0,0.0,-1354.2326946192466,-330.74402655080183,1023.4886680684447,-330.74402655080183
463251294,-5713.953290215945,rth,Cs+,167,monovalent,448063239,-5693.891719380822,-5694.068065554216,-20.008501340953,-20.084647715297,573485849.0,-5714.05533417247,0.3805883431888944,1.1078915734437573,-139.33396755814752,60.5883535112966,199.92232106944414,255.6688387636884
463249449,-5717.996581444469,d6r,Rb+,166,monovalent,448062702,-5693.888313432313,-5694.06626506826,-23.948670423916,-24.034869967208,573485860.0,-5718.090746584431,0.0,0.0,-419.02349984193194,-192.70658168887618,226.31691815305575,27.27488027437888
463251244,-15240.447780215989,pau,Ba+2,149,divalent,448069512,-15214.952746301657,-15215.464839355382,-24.918320848578,-25.308147011253,573211186.0,-15240.8121533119,48.042129699253245,0.48110166480848565,-1514.1602694809324,-490.67160141248763,1023.4886680684447,-102.83282262562598
463869200,-11413.20059133075,ufi,Ba+2,149,divalent,449300030,-11387.689492979356,-11388.128988216737,-24.918320848578,-25.308147011253,573804230.0,-11413.46749162959,39.00144055394183,15.536081423174021,-1556.33745219689,-532.848784128445,1023.4886680684449,-79.70073847272094
462276163,-15245.618539951645,pau,Sr+2,132,divalent,448069895,-15214.944847781218,-15215.464230582504,-30.100213482909,-30.519775878949,573210687.0,-15246.013680263126,36.096480387259916,2.0599373048124465,-1505.6684087739236,-404.1072540584153,1101.5611547155083,-77.90857222793727
481215732,-11413.215390237072,ufi,Ba+2,149,divalent,449301770,-11387.679574349657,-11388.128114634339,-24.918320848578,-25.308147011253,573793794.0,-11413.470262606215,0.1469090443329751,8.260881738806656,-1621.2333479657732,-597.7446798973284,1023.4886680684448,-89.26952891674743
462277066,-15245.59614583738,pau,Sr+2,132,divalent,448070307,-15214.945170908944,-15215.464286356615,-30.100213482909,-30.519775878949,,,94.89223186857308,,-1446.024285383357,-344.4631306678488,1101.561154715508,
462353059,-15240.417189057975,pau,Ba+2,149,divalent,448072756,-15214.967500949728,-15215.465164785859,-24.918320848578,-25.308147011253,573209468.0,-15240.81093016071,128.35922118437378,3.6924853589435886,-1395.1048465340116,-371.6161784655667,1023.4886680684449,-98.76702114783347
462352975,-11413.177908946629,ufi,Ba+2,149,divalent,449300643,-11387.658446329297,-11388.127109671825,-24.918320848578,-25.308147011253,573239558.0,-11413.47249438935,98.554044598382,2.401334670568793,-1578.2978340932054,-554.8091660247605,1023.4886680684449,-97.76760526738741
462303483,-15245.601369864346,pau,Sr+2,132,divalent,448070492,-15214.950574749026,-15215.464298924817,-30.100213482909,-30.519775878949,573569466.0,-15246.012944150469,81.1765480267611,3.992601233646132,-1445.5521860110227,-343.9910312955145,1101.561154715508,-75.79647554220614
462145614,-15245.616000476311,pau,Sr+2,132,divalent,448069751,-15214.966505822511,-15215.465132764823,-30.100213482909,-30.519775878949,573211342.0,-15246.01377995206,42.763873384134186,1.7982039888811512,-1442.1378240318784,-340.57666931637016,1101.561154715508,-75.8016256851708
461437645,-7769.793372202551,d8r,Na+,116,monovalent,448063700,-7607.517561306748,-7607.726728574284,-162.080818395016,-162.195871800502,573209947.0,-7769.937134461013,0.0,0.0,-511.9528498154645,-209.88011070126723,302.07273911419725,-38.15924629566125
463250886,-15240.44083771203,pau,Ba+2,149,divalent,448073800,-15214.945120006068,-15215.464600901678,-24.918320848578,-25.308147011253,573632987.0,-15240.811926815697,66.26967523019485,1.0757674890650044,-1515.9555645418716,-492.46689647342674,1023.4886680684449,-102.86421704835283
463255112,-15240.441477803848,pau,Ba+2,149,divalent,448069895,-15214.944847781218,-15215.464230582504,-24.918320848578,-25.308147011253,,,64.58911403577325,,-1518.3508521345454,-494.86218406610067,1023.4886680684448,
463251401,-11418.424274439752,sod,Sr+2,132,divalent,448065172,-11387.699157761566,-11388.147687568682,-30.100213482909,-30.519775878949,573210561.0,-11418.698292727831,18.75942239035051,0.666865728781197,-1640.6834641808493,-539.1223094653411,1101.561154715508,-80.9422813314757
462148806,-15245.539427659001,pau,Sr+2,132,divalent,448071141,-15214.911390742225,-15215.456931402778,-30.100213482909,-30.519775878949,573210573.0,-15246.004769795849,243.8058205463119,25.454370922719423,-1385.8005311829775,-284.23937646746924,1101.561154715508,-73.67813644056558
462276583,-11418.28898645043,ufi,Sr+2,132,divalent,449300326,-11387.60453349099,-11388.103090309136,-30.100213482909,-30.519775878949,573240726.0,-11418.65462489972,263.4684101772796,70.44780639632468,-1533.9208624801004,-432.3597077645921,1101.5611547155083,-83.38250374994725
482245116,-7585.898514008337,d8r,Ba+2,149,divalent,448063925,-7560.347822284581,-7560.774933861228,-24.918320848578,-25.308147011253,574849128.0,-7586.153179590996,205.41806564872223,85.04655130759156,-1660.2898592546603,-636.8011911862155,1023.4886680684448,-184.04419947960338
461444232,-11418.367856533738,ufi,Sr+2,132,divalent,449300592,-11387.686322108484,-11388.127537954004,-30.100213482909,-30.519775878949,573223244.0,-11418.678577652863,56.39499068003791,7.559848228771742,-1526.2582503900207,-424.6970956745125,1101.561154715508,-82.08316542728615
462363266,-3758.453152062331,d4r,Ba+2,149,divalent,448062379,-3733.134114026999,-3733.467040234939,-24.918320848578,-25.308147011253,573563643.0,-3758.515149262188,0.0,0.0,-1052.0830539652459,-28.594385896801107,1023.4886680684448,682.7297790095406
463251419,-5717.955090577408,rth,Rb+,166,monovalent,448063239,-5693.891719380822,-5694.068065554216,-23.948670423916,-24.034869967208,573496220.0,-5718.048955994468,0.0,0.0,-301.14690158432074,-74.82998343126503,226.31691815305572,141.72325881982243
463865217,-11413.24111939939,sod,Ba+2,149,divalent,448065434,-11387.695887941529,-11388.147240677825,-24.918320848578,-25.308147011253,573628638.0,-11413.486023189309,4.00691617376987,7.255768518705482,-1645.953930056004,-622.4652619875592,1023.4886680684449,-80.43351198403808
462277509,-11418.310466309396,ufi,Sr+2,132,divalent,449302556,-11387.608164049625,-11388.107233754834,-30.100213482909,-30.519775878949,573526376.0,-11418.659002537162,207.07303616632692,58.95431841603003,-1580.784204069955,-479.22304935444663,1101.5611547155083,-83.99737422147629
463250959,-5677.533917541407,d6r,Sr+2,132,divalent,448062857,-5646.720365233697,-5647.114567595326,-30.100213482909,-30.519775878949,573573092.0,-5677.639334757483,132.17012141770286,101.80022944899711,-1872.8712271848408,-771.3100724693325,1101.5611547155083,-13.104615061727289
462148546,-11418.403673751001,sod,Sr+2,132,divalent,448065169,-11387.682909327448,-11388.146368131791,-30.100213482909,-30.519775878949,573223192.0,-11418.697820582402,72.84653482643279,1.9064836489916346,-1629.2566187715179,-527.6954640560095,1101.5611547155083,-83.16684523301969
462277513,-11418.299608820087,ufi,Sr+2,132,divalent,449301091,-11387.608501932635,-11388.107102010694,-30.100213482909,-30.519775878949,573224019.0,-11418.657248806045,235.57937651932278,63.558739816527435,-1551.3907518073986,-449.8295970918903,1101.5611547155083,-79.73884708732432
462353869,-3763.764416859637,d4r,Sr+2,132,divalent,448062378,-3733.12020431808,-3733.462784973144,-30.100213482909,-30.519775878949,573209962.0,-3763.825359225347,19.190755080331144,6.512489141833475,-1428.2696372800183,-326.70848256451006,1101.561154715508,412.73290246287564
461442494,-11418.399835372762,sod,Sr+2,132,divalent,448065436,-11387.679086194636,-11388.14594638135,-30.100213482909,-30.519775878949,573533349.0,-11418.697689727114,82.92419766159901,2.250044232106577,-1629.2165919004935,-527.6554371849854,1101.561154715508,-83.93059051734114
463254084,-11413.205519713525,sod,Ba+2,149,divalent,448065529,-11387.667886236428,-11388.14351211466,-24.918320848578,-25.308147011253,573589172.0,-11413.486774809671,97.47389853288442,5.282389107215435,-1626.0054300396575,-602.5167619712128,1023.4886680684448,-92.19623472900264
462148742,-11418.359999834183,ufi,Sr+2,132,divalent,449300643,-11387.658446329297,-11388.127109671825,-30.100213482909,-30.519775878949,573210253.0,-11418.67839142909,77.02275693144232,8.048778782548988,-1578.8183479706192,-477.25719325511096,1101.5611547155083,-82.71868982065578
462363537,-3804.122388340606,d4r,Rb+,166,monovalent,448062303,-3780.251431666245,-3780.398138893088,-23.948670423916,-24.034869967208,573222480.0,-3804.186640816181,0.0,0.0,204.03746499948284,430.35438315253856,226.31691815305572,646.839349097518
463254452,-5677.584258471268,d6r,Sr+2,132,divalent,448062844,-5646.784188755737,-5647.138538759869,-30.100213482909,-30.519775878949,573240304.0,-5677.678108408862,0.0,0.0,-1837.4726787208588,-735.9115240053505,1101.561154715508,-51.968547207317386
482133065,-7591.118417503063,d8r,Sr+2,132,divalent,448063880,-7560.346431119368,-7560.774213312277,-30.100213482909,-30.519775878949,574824912.0,-7591.340836193672,279.4533836852808,131.60063448061229,-1763.7398853672794,-662.1787306517712,1101.561154715508,-122.99681428959289
462353510,-15240.43727558825,pau,Ba+2,149,divalent,448069341,-15214.965239412093,-15215.465106232885,-24.918320848578,-25.308147011253,573210654.0,-15240.81165034486,75.62203192775607,1.8016417268490323,-1453.779703302828,-430.29103523438323,1023.4886680684448,-100.81159562546335
463249775,-15240.324215584098,pau,Ba+2,149,divalent,448070634,-15214.873335689555,-15215.439668118544,-24.918320848578,-25.308147011253,573518957.0,-15240.78544933979,372.46109544196275,70.5923857786146,-1398.2338816918575,-374.74521362341267,1023.4886680684449,-98.80862586212393
462276522,-12034.742903795772,sod,K+,152,monovalent,448064600,-11434.79102406183,-11435.074564493489,-599.75660308502,-599.851578329495,573586771.0,-12034.946452195152,0.0,0.0,-512.698880801245,-263.34135743679894,249.35752336444602,-53.32226069034037
463250379,-15240.41144993556,pau,Ba+2,149,divalent,448070224,-15214.96136760324,-15215.465019056324,-24.918320848578,-25.308147011253,573518101.0,-15240.81078320641,143.4272882315334,4.078313899159825,-1396.13988191601,-372.6512138475651,1023.4886680684449,-98.76380553032566
463865146,-15240.362127200242,pau,Ba+2,149,divalent,448071141,-15214.911390742225,-15215.456931402778,-24.918320848578,-25.308147011253,573210689.0,-15240.802687406176,272.9241396738262,25.33383903403683,-1397.8572890645985,-374.36862099615365,1023.4886680684449,-98.74241639979135
463253033,-11413.180741677854,ufi,Ba+2,149,divalent,449304146,-11387.678108687707,-11388.125706119537,-24.918320848578,-25.308147011253,574005272.0,-11413.473382990727,91.11670820119917,0.06831157865556524,-1534.1116445507762,-510.6229764823314,1023.4886680684448,-103.78565517013111
462147219,-11418.338244137138,sod,Sr+2,132,divalent,448065539,-11387.616278944159,-11388.123283727045,-30.100213482909,-30.519775878949,573223261.0,-11418.676087487407,244.63199911142368,58.96672890363902,-1632.4092391392408,-530.8480844237326,1101.561154715508,-86.71470925464773
462353306,-4380.028762932859,d4r,K+,152,monovalent,448062303,-3780.251431666245,-3780.398138893088,-599.75660308502,-599.851578329495,573501003.0,-4380.093214438679,0.0,0.0,-54.42184491977482,194.9356784446712,249.35752336444602,410.89809044077714
463866696,-11413.240363612858,sod,Ba+2,149,divalent,448065172,-11387.699157761566,-11388.147687568682,-24.918320848578,-25.308147011253,573223945.0,-11413.48555506041,5.991233864572593,8.484841037256368,-1635.3846992027004,-611.8960311342555,1023.4886680684449,-78.03112743014401
462276949,-11418.367486647781,ufi,Sr+2,132,divalent,449303063,-11387.682900350132,-11388.126177960134,-30.100213482909,-30.519775878949,573223964.0,-11418.678212664285,57.36612633251263,8.51812581446317,-1534.2709419763544,-432.7097872608462,1101.561154715508,-84.69555201982989
462276792,-15245.603201929032,pau,Sr+2,132,divalent,448069623,-15214.952590742983,-15215.46468380843,-30.100213482909,-30.519775878949,573211335.0,-15246.013326499387,76.36646182509362,2.9887440710775155,-1445.0692796735914,-343.5081249580832,1101.561154715508,-75.78982070147
461441007,-11418.408788716426,sod,Sr+2,132,divalent,448065387,-11387.688461015312,-11388.147374369104,-30.100213482909,-30.519775878949,573543634.0,-11418.698546723519,59.41719208119994,0.0,-1628.11000392008,-526.548849204572,1101.561154715508,-82.43145261535241
462276579,-15245.59952056989,pau,Sr+2,132,divalent,448070407,-15214.97273384371,-15215.465249632138,-30.100213482909,-30.519775878949,573209454.0,-15246.0131027319,86.03187099191372,3.5762456532486784,-1382.5181555213223,-280.95700080581406,1101.5611547155083,-73.71674886129907
463250032,-5672.334587344776,rth,Ba+2,149,divalent,448063453,-5646.798842223599,-5647.151952725234,-24.918320848578,-25.308147011253,573209450.0,-5672.429836663523,32.87550620886173,25.829076154079992,-1621.0475511926406,-597.5588831241957,1023.4886680684449,79.4557041194587
461437824,-7591.142761394897,d8r,Sr+2,132,divalent,448064158,-7560.4298562904,-7560.800085557217,-30.100213482909,-30.519775878949,573209520.0,-7591.303523106572,215.53849080586792,229.566152122683,-1608.6219750192565,-507.06082030374836,1101.561154715508,42.89628761642216
462277622,-11418.364298102682,ufi,Sr+2,132,divalent,449302851,-11387.669156091035,-11388.128512103578,-30.100213482909,-30.519775878949,573209434.0,-11418.679135483297,65.73765212755379,6.0952643139572675,-1561.9849711885804,-460.42381647307207,1101.5611547155083,-80.99011944027055
463250047,-5677.543556902142,rth,Sr+2,132,divalent,448063445,-5646.739408910425,-5647.13144935937,-30.100213482909,-30.519775878949,573488114.0,-5677.651798023784,105.56606004168302,51.94036433295748,-1848.180193663361,-746.6190389478527,1101.5611547155083,-1.5038483531377358
462277632,-11418.382577205644,ufi,Sr+2,132,divalent,449301534,-11387.690054510529,-11388.131401025013,-30.100213482909,-30.519775878949,573223290.0,-11418.68145704637,17.745863645082725,0.0,-1555.1079551093776,-453.5468003938695,1101.561154715508,-79.50051994769011
462363541,-15240.402407988497,pau,Ba+2,149,divalent,448071035,-15214.951925554744,-15215.464727998708,-24.918320848578,-25.308147011253,573223172.0,-15240.81049576414,167.16692205501477,4.832993636105065,-1397.1903483086742,-373.7016802402293,1023.4886680684449,-98.77329762444214
463254524,-15286.194314721479,pau,Rb+,166,monovalent,448067954,-15262.047406170735,-15262.391908315227,-23.948670423916,-24.034869967208,573209474.0,-15286.453792611306,0.0,0.0,-520.4742416327543,-294.15732347969856,226.31691815305578,-70.9261258546489
462149437,-11597.054282049452,ufi,Na+,116,monovalent,449299292,-11434.779388178818,-11435.057487729544,-162.080818395016,-162.195871800502,573569454.0,-11597.279848495777,0.0,0.0,-509.54520004912774,-207.47246093493044,302.0727391141973,-69.54678482365135
462276379,-11418.37766283035,ufi,Sr+2,132,divalent,449300833,-11387.691475035055,-11388.12898996098,-30.100213482909,-30.519775878949,573571450.0,-11418.680008054303,30.648556964723323,3.8043289611775664,-1538.475674362328,-436.9145196468196,1101.5611547155083,-82.02644008833155
462277074,-15245.60832226903,pau,Sr+2,132,divalent,448071074,-15214.958053093267,-15215.46492070976,-30.100213482909,-30.519775878949,,,62.92300813619911,,-1444.1713315999555,-342.6101768844472,1101.5611547155083,
463250406,-11413.106880905074,ufi,Ba+2,149,divalent,449300326,-11387.60453349099,-11388.103090309136,-24.918320848578,-25.308147011253,573799775.0,-11413.447682487613,285.03818190693073,67.54498764567046,-1533.3618645399752,-509.8731964715303,1023.4886680684449,-95.6867938353529
463253156,-5677.552557721276,rth,Sr+2,132,divalent,448063402,-5646.786235828034,-5647.148936197676,-30.100213482909,-30.519775878949,573211461.0,-5677.651957538346,81.93440760601815,51.521558817851606,-1748.867764551223,-647.3066098357147,1101.5611547155083,43.98904360275497
463250294,-5672.338687132126,rth,Ba+2,149,divalent,448063461,-5646.781579174113,-5647.147384575407,-24.918320848578,-25.308147011253,573569452.0,-5672.437047958761,22.11151370084397,6.895819065661877,-1677.1356835794072,-653.6470155109623,1023.4886680684449,48.52876874712219
462353562,-3800.035677296402,d4r,Cs+,167,monovalent,448062303,-3780.251431666245,-3780.398138893088,-20.008501340953,-20.084647715297,573466833.0,-3800.107674927909,0.0,0.0,588.7834135463694,788.7057346158135,199.92232106944414,984.8557921115132
461440340,-11418.419717292822,sod,Sr+2,132,divalent,448065491,-11387.701267338489,-11388.147789898143,-30.100213482909,-30.519775878949,573518103.0,-11418.69834568545,30.72421256883812,0.5278254891943459,-1623.179979370367,-521.6188246548587,1101.561154715508,-80.81265555129885
462303475,-5677.564588263569,d6r,Sr+2,132,divalent,448062843,-5646.78917343177,-5647.13914932426,-30.100213482909,-30.519775878949,573209949.0,-5677.65464548161,51.644134248197055,61.60192019214698,-1772.741276551037,-671.1801218355287,1101.561154715508,11.236409914532814
463249551,-5672.328276558059,rth,Ba+2,149,divalent,448063416,-5646.786195128386,-5647.148624768062,-24.918320848578,-25.308147011253,573210569.0,-5672.428314217412,49.44447799708562,29.82625872369972,-1637.6835304172778,-614.1948623488329,1023.4886680684449,74.71533446924758
462353211,-15240.325668952166,pau,Ba+2,149,divalent,448070607,-15214.87470218609,-15215.440090760845,-24.918320848578,-25.308147011253,573211344.0,-15240.785873371875,368.64527728924304,69.47908945465883,-1398.4619629175563,-374.9732948491115,1023.4886680684449,-98.81227474108643
463249458,-11413.180171689108,ufi,Ba+2,149,divalent,449303980,-11387.677478143152,-11388.125711424103,-24.918320848578,-25.308147011253,574603829.0,-11413.473409009228,92.61321376799074,0.0,-1534.2706338391188,-510.7819657706739,1023.4886680684449,-103.84003960968633
462303495,-11413.185188940315,ufi,Ba+2,149,divalent,449303063,-11387.682900350132,-11388.126177960134,-24.918320848578,-25.308147011253,574616372.0,-11413.473040744844,79.44041971953443,0.9668782131195206,-1533.2074223788586,-509.7187543104138,1023.4886680684449,-101.64827095592497
462144400,-11418.28970772533,ufi,Sr+2,132,divalent,449300126,-11387.608207489408,-11388.10423421482,-30.100213482909,-30.519775878949,573210592.0,-11418.654259033341,261.57470278635316,71.40838864774679,-1526.1684862922077,-424.60733157669944,1101.5611547155083,-79.41859689792321
461438286,-11418.342013153922,sod,Sr+2,132,divalent,448065435,-11387.617422440208,-11388.12384826877,-30.100213482909,-30.519775878949,573536896.0,-11418.675652711676,234.73644478953508,60.1082326730288,-1639.3025443562378,-537.7413896407296,1101.561154715508,-84.09100107575529
462145352,-15245.57975796928,pau,Sr+2,132,divalent,448071035,-15214.951925554744,-15215.464727998708,-30.100213482909,-30.519775878949,573569470.0,-15246.012575549981,137.91858284171914,4.960361887273238,-1385.2636105128345,-283.7024557973262,1101.5611547155083,-73.70218130273078
462277299,-11418.294125836786,ufi,Sr+2,132,divalent,449301754,-11387.603372804495,-11388.104063939049,-30.100213482909,-30.519775878949,573518113.0,-11418.654034635307,249.97495027185647,71.99754573176958,-1550.4617050115846,-448.9005502960763,1101.5611547155083,-79.27649888437456
463251452,-6293.801712336554,rth,K+,152,monovalent,448063239,-5693.891719380822,-5694.068065554216,-599.75660308502,-599.851578329495,573211428.0,-6293.895853790413,0.0,0.06361468846456264,-402.7251362334612,-153.36761286901523,249.357523364446,62.46089471394285
481215225,-11413.210814806711,ufi,Ba+2,149,divalent,449302698,-11387.684073536633,-11388.128326719727,-24.918320848578,-25.308147011253,573240154.0,-11413.470122691895,12.159702372227313,8.628226814588583,-1597.4079383317185,-573.9192702632738,1023.4886680684447,-88.34535361280187
462149255,-11597.074728289872,sod,Na+,116,monovalent,448064600,-11434.79102406183,-11435.074564493489,-162.080818395016,-162.195871800502,573569444.0,-11597.299641655329,0.0,0.0,-532.6767951883904,-230.60405607419307,302.07273911419736,-76.67868203421659
461444434,-15245.616383223845,pau,Sr+2,132,divalent,448075212,-15214.943052429484,-15215.464385420764,-30.100213482909,-30.519775878949,573209436.0,-15246.013838450675,41.75896965739145,1.644615862069285,-1504.7196158417191,-403.1584611262109,1101.561154715508,-77.91736578639838
462277901,-11413.195094988678,ufi,Ba+2,149,divalent,449302567,-11387.682898955218,-11388.129545576085,-24.918320848578,-25.308147011253,573793802.0,-11413.46994068973,53.432087762294834,9.106073533530001,-1559.2194166826955,-535.7307486142507,1023.4886680684448,-84.66739928266094
463250099,-5677.564806352794,d6r,Sr+2,132,divalent,448062841,-5646.781843381914,-5647.137938014179,-30.100213482909,-30.519775878949,573503374.0,-5677.655798136536,51.07154094381675,58.57562445328428,-1792.5589172187138,-690.9977625032055,1101.561154715508,5.029819315508082
462147753,-11597.047886472545,ufi,Na+,116,monovalent,449299295,-11434.779432352667,-11435.055400310788,-162.080818395016,-162.195871800502,573799054.0,-11597.277775814826,16.79158844944162,5.441824250683895,-492.6376331517802,-190.56489403758292,302.0727391141973,-69.58547893370904
462276193,-15245.504502073909,pau,Sr+2,132,divalent,448070634,-15214.873335689555,-15215.439668118544,-30.100213482909,-30.519775878949,573503521.0,-15245.987524211203,335.5029511915874,70.73265685973682,-1394.0169489330976,-292.45579421758936,1101.5611547155083,-73.72460671045853
461439844,-15245.60801731662,pau,Sr+2,132,divalent,448070372,-15214.957611891605,-15215.464838010002,-30.100213482909,-30.519775878949,,,63.723660752717045,,-1444.529054036302,-342.96789932079383,1101.5611547155083,
462149192,-15245.574445472206,pau,Sr+2,132,divalent,448072197,-15214.94635656686,-15215.46420393015,-30.100213482909,-30.519775878949,573632979.0,-15246.012061699872,151.8665449734646,6.30947545174937,-1385.9370271857574,-284.3758724702491,1101.5611547155083,-73.72900983905807
462353432,-11418.385418800144,ufi,Sr+2,132,divalent,449301550,-11387.686850115335,-11388.12844599841,-30.100213482909,-30.519775878949,573209438.0,-11418.679248015695,10.2852567174301,5.799810480746585,-1570.9817022602517,-469.42054754474356,1101.561154715508,-81.45913240320382
461443642,-15282.244518558391,pau,Cs+,167,monovalent,448067954,-15262.047406170735,-15262.391908315227,-20.008501340953,-20.084647715297,573211331.0,-15282.506902751411,0.0,0.0,-495.19834083983164,-295.2760197703875,199.92232106944414,-79.67532175851616
461439194,-11597.048430634699,ufi,Na+,116,monovalent,449299337,-11434.781378675954,-11435.05677157272,-162.080818395016,-162.195871800502,573210554.0,-11597.278122799707,15.362890604610321,4.53081537460237,-488.9562588160573,-186.88351970186,302.0727391141973,-66.89623933536593
462363388,-15240.39711190451,pau,Ba+2,149,divalent,448072197,-15214.94635656686,-15215.46420393015,-24.918320848578,-25.308147011253,573518105.0,-15240.809985320913,181.07179161879336,6.173162432100599,-1397.9068575495637,-374.41818948111904,1023.4886680684447,-98.80907092925003
481215035,-11413.198384003694,ufi,Ba+2,149,divalent,449302454,-11387.692725402234,-11388.12915393026,-24.918320848578,-25.308147011253,573827464.0,-11413.467463651354,44.79677818003605,15.60953828784934,-1542.0553876587194,-518.5667195902746,1023.4886680684448,-79.1922007188772
462277501,-11413.164485221374,ufi,Ba+2,149,divalent,449300237,-11387.660505296999,-11388.126251128979,-24.918320848578,-25.308147011253,573224080.0,-11413.46520403419,133.79803794026603,21.54216360351992,-1537.6480206368863,-514.1593525684415,1023.4886680684448,-80.88088074802916
462276796,-11418.371955663473,ufi,Sr+2,132,divalent,449301587,-11387.690813613202,-11388.12777444829,-30.100213482909,-30.519775878949,573543618.0,-11418.678691965128,45.63272473952445,7.259721355500729,-1525.2280697942927,-423.6669150787845,1101.561154715508,-81.76237650383607
462276800,-11418.362411175518,ufi,Sr+2,132,divalent,449303980,-11387.677478143152,-11388.125711424103,-30.100213482909,-30.519775878949,573580899.0,-11418.678076965065,70.69177977501364,8.874404143067968,-1535.18129404257,-433.6201393270617,1101.5611547155083,-85.56416413186693
462146125,-15282.237306242903,pau,Cs+,167,monovalent,448067945,-15262.05075358584,-15262.391973813264,-20.008501340953,-20.084647715297,573223156.0,-15282.506214885101,18.93593575562222,1.8059931339998012,-467.47376605879475,-267.5514449893506,199.92232106944414,-77.69736351354922
462363532,-3758.41817011064,d4r,Ba+2,149,divalent,448062377,-3733.083719845403,-3733.445685069727,-24.918320848578,-25.308147011253,573501008.0,-3758.495018148627,91.84512116098475,52.8542426808703,-1092.5478666644526,-69.05919859600779,1023.4886680684448,679.5160311556815
462149089,-15245.600184979721,pau,Sr+2,132,divalent,448071053,-15214.97381647611,-15215.465271014842,-30.100213482909,-30.519775878949,573210652.0,-15246.013116986487,84.28746284485953,3.5388202326009215,-1381.4201120866219,-279.8589573711137,1101.561154715508,-73.69803398755724
463251922,-11413.190644273973,ufi,Ba+2,149,divalent,449300593,-11387.695036578329,-11388.129215521118,-24.918320848578,-25.308147011253,573518961.0,-11413.463552382747,65.1174401102693,25.878574795986502,-1515.666732429522,-492.17806436107713,1023.4886680684449,-68.76145740202206
462277894,-11413.11671642393,ufi,Ba+2,149,divalent,449301091,-11387.608501932635,-11388.107102010694,-24.918320848578,-25.308147011253,573238959.0,-11413.44611332998,259.2150251819235,71.66481132662224,-1548.7658769343238,-525.277208865879,1023.4886680684449,-81.03424691198094
463251238,-5672.363243443223,d6r,Ba+2,149,divalent,448062844,-5646.784188755737,-5647.138538759869,-24.918320848578,-25.308147011253,573211329.0,-5672.455732698169,0.0,0.0,-1734.7568261995946,-711.2681581311498,1023.4886680684448,-23.752708771495378
463252494,-11413.171428154585,ufi,Ba+2,149,divalent,449301923,-11387.65785998341,-11388.125940188525,-24.918320848578,-25.308147011253,573224041.0,-11413.469301275874,115.56936540707441,10.784854741216911,-1562.8219645265362,-539.3332964580915,1023.4886680684448,-92.4545638327805
462145093,-15245.632288371999,pau,Sr+2,132,divalent,448073457,-15214.9608647496,-15215.46502247559,-30.100213482909,-30.519775878949,573569472.0,-15246.014464851642,0.0,0.0,-1499.712335470203,-398.15118075469474,1101.5611547155083,-77.88939407710775
461441960,-11454.99963621191,sod,Cs+,167,monovalent,448064600,-11434.79102406183,-11435.074564493489,-20.008501340953,-20.084647715297,573632973.0,-11455.19968723649,0.0,0.0,-525.3909693843555,-325.4686483149113,199.92232106944414,-106.26719333465998
461442150,-15245.618482963126,pau,Sr+2,132,divalent,448073800,-15214.945120006068,-15215.464600901678,-30.100213482909,-30.519775878949,573569456.0,-15246.014055947335,36.246103756986955,1.073578339345666,-1504.8040590059443,-403.24290429043594,1101.5611547155083,-77.92265812752899
481215605,-15240.427067867116,pau,Ba+2,149,divalent,448070786,-15214.973096519883,-15215.46525632148,-24.918320848578,-25.308147011253,573209478.0,-15240.811019384944,102.42240580678966,3.4582271117765195,-1406.3504913492368,-382.86182328079207,1023.4886680684447,-98.76095260291069
463252599,-5672.3578285691,d6r,Ba+2,149,divalent,448062863,-5646.772491887466,-5647.135630551156,-24.918320848578,-25.308147011253,573219107.0,-5672.454034441459,14.21675309247704,4.458773332726741,-1751.2502030931273,-727.7615350246824,1023.4886680684449,-26.929437996528044
481216073,-15240.466067575815,pau,Ba+2,149,divalent,448069823,-15214.959012251664,-15215.464986748168,-24.918320848578,-25.308147011253,573518916.0,-15240.812293488956,0.028662818643800346,0.1130667739035387,-1545.7224833643993,-522.2338152959545,1023.4886680684448,-102.8138777275462
463869412,-11413.240657267776,sod,Ba+2,149,divalent,448065170,-11387.698810095877,-11388.147971098619,-24.918320848578,-25.308147011253,573223276.0,-11413.486414076748,5.220242820768824,6.229493470226465,-1637.06848658338,-613.5798185149353,1023.4886680684448,-79.54206709219754
463254378,-15240.438327346836,pau,Ba+2,149,divalent,448069751,-15214.966505822511,-15215.465132764823,-24.918320848578,-25.308147011253,573518914.0,-15240.81167381037,72.86063955205879,1.7400330234939454,-1453.216134873089,-429.7274668046443,1023.4886680684447,-100.80354472110119
482133071,-7585.976753600796,d8r,Ba+2,149,divalent,448063971,-7560.40278072038,-7560.795758535838,-24.918320848578,-25.308147011253,574824403.0,-7586.185572104738,0.0,0.0,-1721.4145407199435,-697.9258726514987,1023.4886680684448,-214.41556343453277
462149093,-11418.364250148381,ufi,Sr+2,132,divalent,449300666,-11387.673080644108,-11388.130279031478,-30.100213482909,-30.519775878949,573223911.0,-11418.680436098755,65.86355615549142,2.6804981672701205,-1551.5551522815856,-449.99399756607744,1101.561154715508,-79.76581603090867
461440815,-11454.974743291747,ufi,Cs+,167,monovalent,449299337,-11434.781378675954,-11435.05677157272,-20.008501340953,-20.084647715297,573209432.0,-11455.17160571529,13.962494440451005,8.016100717516904,-485.3585650630639,-285.43624399361977,199.92232106944414,-79.25447084397794
462277793,-11413.174988750654,ufi,Ba+2,149,divalent,449302202,-11387.677443130848,-11388.128219144186,-24.918320848578,-25.308147011253,573237935.0,-11413.467315820082,106.22101971502924,15.99766932082681,-1520.7547527047552,-497.2660846363104,1023.4886680684449,-81.25835071051151
463250815,-15286.184760737602,pau,Rb+,166,monovalent,448067945,-15262.05075358584,-15262.391973813264,-23.948670423916,-24.034869967208,573571452.0,-15286.453236609543,25.08398657903424,1.4597827411926854,-486.6016160283054,-260.28469787524966,226.31691815305572,-69.29437800248905
462277214,-11418.37827118872,ufi,Sr+2,132,divalent,449302567,-11387.682898955218,-11388.129545576085,-30.100213482909,-30.519775878949,573631939.0,-11418.680180162668,29.0513119418283,3.352458415773704,-1562.5894187136362,-461.0282639981279,1101.5611547155083,-81.0195430656658
463867804,-11418.379265676856,ufi,Sr+2,132,divalent,449302454,-11387.692725402234,-11388.12915393026,-30.100213482909,-30.519775878949,573223925.0,-11418.67891448144,26.440283139993632,6.675504734829648,-1539.401108909236,-437.8399541937277,1101.5611547155083,-78.72476293714547
461443781,-7591.138784304154,d8r,Sr+2,132,divalent,448063889,-7560.422582081847,-7560.799465487748,-30.100213482909,-30.519775878949,574872090.0,-7591.354210755447,225.9803433478712,96.48571986548737,-1617.2785584858686,-515.7174037703604,1101.561154715508,-91.81213715518268
461438018,-11418.325901229327,ufi,Sr+2,132,divalent,449300152,-11387.642615851475,-11388.119799862452,-30.100213482909,-30.519775878949,573218866.0,-11418.66918463192,166.54865080032582,32.221226591379015,-1530.855376788205,-429.29422207269675,1101.561154715508,-77.73814798154967
463252967,-5677.577755929377,d6r,Sr+2,132,divalent,448062863,-5646.772491887466,-5647.135630551156,-30.100213482909,-30.519775878949,573802910.0,-5677.67437778752,17.072425034719874,9.794747078689678,-1851.1103836721486,-749.5492289566403,1101.5611547155083,-49.80930268638711
463253822,-5677.563993276404,rth,Sr+2,132,divalent,448063389,-5646.775021733043,-5647.145924668177,-30.100213482909,-30.519775878949,573209518.0,-5677.659946272876,51.91035532869421,30.54713471147183,-1808.3344254688297,-706.7732707533214,1101.5611547155083,15.107848193348596
461441561,-7591.143436534632,d8r,Sr+2,132,divalent,448063912,-7560.425588553414,-7560.799779538828,-30.100213482909,-30.519775878949,574842849.0,-7591.32776887784,213.76591129661205,165.90887481073972,-1621.5994988378557,-520.0383441223473,1101.5611547155083,-21.56444103699945
461437367,-11418.33373906965,ufi,Sr+2,132,divalent,449301535,-11387.650412733426,-11388.123008225675,-30.100213482909,-30.519775878949,573222920.0,-11418.674638965818,145.97039946422004,17.900871852802783,-1530.962913001441,-429.4017582859326,1101.5611547155083,-83.6349444360307
463250615,-5672.355091951679,d6r,Ba+2,149,divalent,448062841,-5646.781843381914,-5647.137938014179,-24.918320848578,-25.308147011253,573567426.0,-5672.451157129749,21.401742678244723,12.013155803078131,-1719.5128629630217,-696.0241948945769,1023.4886680684448,-13.31681089887606
463251492,-12034.723240469935,ufi,K+,152,monovalent,449299337,-11434.781378675954,-11435.05677157272,-599.75660308502,-599.851578329495,573211340.0,-12034.924919298297,4.479945682097349,8.5342842779933,-486.39677742881304,-237.039254064367,249.35752336444605,-43.50295272893702
463251286,-5672.29128716388,rth,Ba+2,149,divalent,448063463,-5646.738253953351,-5647.128126975917,-24.918320848578,-25.308147011253,573209466.0,-5672.404564449764,146.56013981145045,92.18127843358646,-1666.4374332449984,-642.9487651765536,1023.4886680684448,83.25339680326775
462363423,-5677.558836881234,rth,Sr+2,132,divalent,448063462,-5646.80461332879,-5647.153821688608,-30.100213482909,-30.519775878949,573518130.0,-5677.652126312348,65.44847187923088,51.078442643434435,-1717.103568366878,-615.5424136513698,1101.5611547155083,56.37278484709584
463255266,-11418.3893362467,ufi,Sr+2,132,divalent,449300644,-11387.685284676629,-11388.128713650074,-30.100213482909,-30.519775878949,573601406.0,-11418.679873650994,0.0,4.1572048780893285,-1585.377018613808,-483.8158638982999,1101.561154715508,-82.39901851031735
463254405,-5677.53770415942,rth,Sr+2,132,divalent,448063463,-5646.738253953351,-5647.128126975917,-30.100213482909,-30.519775878949,573223730.0,-5677.642291503194,120.93243722831637,76.8997360423587,-1835.8461565044431,-734.2850017889348,1101.5611547155083,14.732604937138975
462277531,-11413.23601481196,sod,Ba+2,149,divalent,448065491,-11387.701267338489,-11388.147789898143,-24.918320848578,-25.308147011253,573222922.0,-11413.48370948207,17.409011491473702,13.330407336128085,-1618.4282269438042,-594.9395588753596,1023.4886680684447,-72.9168951115086
462149237,-11418.372911473976,ufi,Sr+2,132,divalent,449300593,-11387.695036578329,-11388.129215521118,-30.100213482909,-30.519775878949,573222473.0,-11418.67893085731,43.123244072733286,6.632509883627653,-1516.650154677532,-415.0889999620238,1101.5611547155083,-78.60605097962947
481216112,-15240.466078492904,pau,Ba+2,149,divalent,448074198,-15214.958580697881,-15215.464978600156,-24.918320848578,-25.308147011253,573488121.0,-15240.81229476816,0.0,0.10970822276318432,-1546.8841907256194,-523.3955226571745,1023.4886680684449,-102.83862888597197
489300709,-5856.182460399955,d6r,Na+,116,monovalent,448062702,-5693.888313432313,-5694.06626506826,-162.080818395016,-162.195871800502,574330118.0,-5856.294521312278,0.0,0.0,-560.0942100942623,-258.02147098006503,302.07273911419725,-85.02536292988486
463252017,-5856.165380463786,rth,Na+,116,monovalent,448063239,-5693.891719380822,-5694.068065554216,-162.080818395016,-162.195871800502,573518949.0,-5856.258491079751,0.0,1.5710039667688445,-506.3085157767615,-204.2357766625642,302.0727391141973,14.299196015335923
462353567,-5672.356967821202,d6r,Ba+2,149,divalent,448062843,-5646.78917343177,-5647.13914932426,-24.918320848578,-25.308147011253,573466337.0,-5672.450815961586,16.476646872175365,12.908892882682093,-1705.1929114057943,-681.7042433373496,1023.4886680684448,-9.240778959110065
462147503,-11418.422727589113,sod,Sr+2,132,divalent,448065434,-11387.695887941529,-11388.147240677825,-30.100213482909,-30.519775878949,573519191.0,-11418.698015142818,22.820679052383532,1.3956652371478706,-1645.2071206813173,-543.6459659658091,1101.561154715508,-81.3867938584522
463252712,-5672.321138834845,rth,Ba+2,149,divalent,448063389,-5646.775021733043,-5647.145924668177,-24.918320848578,-25.308147011253,573222933.0,-5672.423743868693,68.18457172145978,41.825710198234454,-1648.2791883997534,-624.7905203313086,1023.4886680684448,79.62567315501224
462148225,-7631.654011846803,d8r,Rb+,166,monovalent,448063700,-7607.517561306748,-7607.726728574284,-23.948670423916,-24.034869967208,573210249.0,-7631.778605130583,0.0,0.0,-493.0167324794779,-266.69981432642214,226.31691815305578,-44.650803060391986
463252847,-15240.454432522754,pau,Ba+2,149,divalent,448073457,-15214.9608647496,-15215.46502247559,-24.918320848578,-25.308147011253,573488104.0,-15240.812336553807,30.5764969564497,0.0,-1510.3109155228885,-486.82224745444375,1023.4886680684448,-102.83314214765093
461444666,-11454.977581161658,ufi,Cs+,167,monovalent,449299346,-11434.781767458044,-11435.057979001365,-20.008501340953,-20.084647715297,573223196.0,-11455.17321009473,6.511666419779832,3.8038021760727165,-491.7886456301786,-291.8663245607345,199.92232106944414,-80.29666523383196
462277274,-15245.614917712424,pau,Sr+2,132,divalent,448069341,-15214.965239412093,-15215.465106232885,-30.100213482909,-30.519775878949,573211309.0,-15246.013747723324,45.606670186262306,1.8828205417414072,-1442.6199880351865,-341.0588333196783,1101.561154715508,-75.7866687400278
462149039,-15424.307857505,pau,Na+,116,monovalent,448067945,-15262.05075358584,-15262.391973813264,-162.080818395016,-162.195871800502,573210656.0,-15424.606640736445,21.30499723551375,1.2176523796798613,-462.8376788990966,-160.76493978489927,302.07273911419736,-49.34659835175546
462276866,-7585.956504369619,d8r,Ba+2,149,divalent,448063881,-7560.42782551034,-7560.79998366596,-24.918320848578,-25.308147011253,573467308.0,-7586.105202649024,53.16436050354152,211.010022049634,-1602.4950791680076,-579.0064110995628,1023.4886680684448,7.687538595424802
463250184,-11418.385327820139,ufi,Sr+2,132,divalent,449302698,-11387.684073536633,-11388.128326719727,-30.100213482909,-30.519775878949,573567430.0,-11418.679131244686,10.524124740203954,6.106392787794174,-1578.032742174216,-476.4715874587078,1101.5611547155083,-81.46571630484485
461441695,-11454.973801889537,ufi,Cs+,167,monovalent,449299295,-11434.779432352667,-11435.055400310788,-20.008501340953,-20.084647715297,573631937.0,-11455.170410624816,16.434146130348534,11.15381099504934,-487.9969855537206,-288.07466448427647,199.92232106944414,-79.71700904087014
462303184,-15240.407619827509,pau,Ba+2,149,divalent,448069816,-15214.933988006469,-15215.462902448779,-24.918320848578,-25.308147011253,573488127.0,-15240.80945204711,153.48323768614088,7.573272910473616,-1457.969069260698,-434.4804011922532,1023.4886680684448,-100.82600005372257
462353855,-11413.177990624363,ufi,Ba+2,149,divalent,449300951,-11387.672027819335,-11388.127469231778,-24.918320848578,-25.308147011253,573799052.0,-11413.470136131564,98.33959969205841,8.592940961750546,-1542.854074186802,-519.3654061183573,1023.4886680684448,-90.63197424579641
463250389,-5672.303978381939,rth,Ba+2,149,divalent,448063441,-5646.739120778393,-5647.131068188201,-24.918320848578,-25.308147011253,573569489.0,-5672.415441266732,113.23934426052315,63.62419330756256,-1697.482379474614,-673.9937114061692,1023.4886680684448,62.41846511709103
463865581,-11413.242556265855,sod,Ba+2,149,divalent,448065387,-11387.688461015312,-11388.147374369104,-24.918320848578,-25.308147011253,573224099.0,-11413.488753080996,0.2344229821305038,0.08843734952478371,-1669.2258195152226,-645.7371514467778,1023.4886680684448,-87.24983667297111
489300199,-15240.423859898729,pau,Ba+2,149,divalent,448070492,-15214.950574749026,-15215.464298924817,-24.918320848578,-25.308147011253,573209476.0,-15240.81084232029,110.84492745073388,3.9231103964070146,-1457.0588835961853,-433.57021552774046,1023.4886680684449,-100.80971444998845
462149229,-11418.371303639362,ufi,Sr+2,132,divalent,449300099,-11387.687796352218,-11388.12765649123,-30.100213482909,-30.519775878949,573586801.0,-11418.678659482332,47.3446141742318,7.345004943122911,-1531.437999676666,-429.8768449611578,1101.5611547155083,-81.9867892031079
482742054,-11413.165275260566,ufi,Ba+2,149,divalent,449302831,-11387.602788145345,-11388.106627169987,-24.918320848578,-25.308147011253,574609856.0,-11413.455700382612,131.72378988366876,46.494002721470835,-1691.2586619052458,-667.7699938368012,1023.4886680684447,-107.45174988668643
463253133,-11413.11103041137,ufi,Ba+2,149,divalent,449301754,-11387.603372804495,-11388.104063939049,-24.918320848578,-25.308147011253,574620838.0,-11413.45268743417,274.14365229683784,54.404499458845336,-1547.303776776129,-523.8151087076842,1023.4886680684449,-106.27101649205024
462277286,-11418.34426618178,ufi,Sr+2,132,divalent,449301742,-11387.658361582222,-11388.122227805725,-30.100213482909,-30.519775878949,573224128.0,-11418.675432501333,118.33146446109285,15.817444198975375,-1537.7321439024172,-436.17098918690897,1101.561154715508,-87.76736482568585
462277694,-11418.379668584379,ufi,Sr+2,132,divalent,449300030,-11387.689492979356,-11388.128988216737,-30.100213482909,-30.519775878949,573518975.0,-11418.678759900491,25.38244935886671,7.0813570452961825,-1548.945669602439,-447.3845148869308,1101.561154715508,-78.75399151584735
462277788,-15240.433871090201,pau,Ba+2,149,divalent,448069238,-15214.961228923874,-15215.464974489192,-24.918320848578,-25.308147011253,573488123.0,-15240.811515391359,84.56054223722163,2.1559621717692896,-1455.3707306148049,-431.88206254636,1023.4886680684449,-100.80316827205229
463250485,-11418.376883664338,ufi,Sr+2,132,divalent,449300987,-11387.686681497858,-11388.130113525087,-30.100213482909,-30.519775878949,573223309.0,-11418.680058891316,32.69425748467604,3.670856375563333,-1549.0154067111416,-447.45425199563334,1101.5611547155083,-79.20999488677788
481214787,-7627.726004072442,d8r,Cs+,167,monovalent,448063700,-7607.517561306748,-7607.726728574284,-20.008501340953,-20.084647715297,573804563.0,-7627.850016997275,0.0,0.0,-524.9462506473535,-325.02392957790937,199.92232106944414,-101.45118577928964
463253256,-11413.15173447812,ufi,Ba+2,149,divalent,449301535,-11387.650412733426,-11388.123008225675,-24.918320848578,-25.308147011253,573801343.0,-11413.468535447264,167.27511690245592,12.795537910944049,-1530.668969352731,-507.1803012842861,1023.4886680684449,-98.14174971264087
481215002,-11413.242645552835,sod,Ba+2,149,divalent,448065171,-11387.692611949251,-11388.147463151046,-24.918320848578,-25.308147011253,573793774.0,-11413.488166108215,0.0,1.6295345036795603,-1658.5619646104665,-635.0732965420216,1023.4886680684449,-85.4756425113015
462277070,-11418.357022473443,ufi,Sr+2,132,divalent,449302202,-11387.677443130848,-11388.128219144186,-30.100213482909,-30.519775878949,573598177.0,-11418.678127105986,84.83981815046799,8.742759144158876,-1521.1251804797905,-419.5640257642823,1101.561154715508,-79.11178955242801
462353749,-3758.445887009035,d4r,Ba+2,149,divalent,448062378,-3733.12020431808,-3733.462784973144,-24.918320848578,-25.308147011253,573500997.0,-3758.512832713816,19.074398881982564,6.082098214426536,-1069.5285986322306,-46.03993056378577,1023.4886680684448,677.6396865309387
489301111,-11418.431419524864,sod,Sr+2,132,divalent,448065170,-11387.698810095877,-11388.147971098619,-30.100213482909,-30.519775878949,573210251.0,-11418.698315750336,0.0,0.6064201371751006,-1660.3556829080758,-558.7945281925677,1101.561154715508,-80.25831901810542
463254658,-5677.577837627468,rth,Sr+2,132,divalent,448063461,-5646.781579174113,-5647.147384575407,-30.100213482909,-30.519775878949,573211184.0,-5677.670253029747,15.562008841007927,3.4867424860852587,-1827.4662091155537,-725.9050544000456,1101.561154715508,-8.119557307355437
461442355,-7591.141978931355,d8r,Sr+2,132,divalent,448063881,-7560.42782551034,-7560.79998366596,-30.100213482909,-30.519775878949,573518097.0,-7591.303788010375,217.59284899250298,228.87064713645537,-1611.8994302852911,-510.3382755697829,1101.561154715508,41.93326711418123
461439314,-11458.937629016758,sod,Rb+,166,monovalent,448064600,-11434.79102406183,-11435.074564493489,-23.948670423916,-24.034869967208,573210594.0,-11459.132457220356,0.0,0.0,-519.6771507615116,-293.36023260845593,226.31691815305567,-60.44626008943314
462276517,-11418.374107114276,sod,Sr+2,132,divalent,448066168,-11387.652026660382,-11388.139427275917,-30.100213482909,-30.519775878949,573601374.0,-11418.692401739205,150.47374546276058,16.133657546014856,-1632.7118566939794,-531.1507019784711,1101.561154715508,-87.16288982092398
462277505,-11418.374492331359,ufi,Sr+2,132,divalent,449301244,-11387.673697475662,-11388.129841823666,-30.100213482909,-30.519775878949,573567428.0,-11418.681197125512,38.97270269860337,0.682422265445167,-1576.8265143700855,-475.26535965457725,1101.5611547155083,-82.91178113285324
481214702,-11413.21544619176,ufi,Ba+2,149,divalent,449301707,-11387.674893184983,-11388.127663682675,-24.918320848578,-25.308147011253,573631967.0,-11413.470068762195,0.0,8.769819252169409,-1633.6706557965001,-610.1819877280552,1023.4886680684449,-89.94456508708957
462277588,-11418.342924820265,ufi,Sr+2,132,divalent,449301072,-11387.653963654153,-11388.12427171503,-30.100213482909,-30.519775878949,573627536.0,-11418.675885512352,121.85320938987807,14.628063680140519,-1545.7571599984058,-444.1960052828976,1101.561154715508,-83.59046105299481
463250998,-5672.314202864935,rth,Ba+2,149,divalent,448063444,-5646.738770084246,-5647.12932889171,-24.918320848578,-25.308147011253,573518093.0,-5672.422001537425,86.39496210747946,46.40020129178102,-1725.2475091797432,-701.7588411112985,1023.4886680684448,40.62794981634043
463250105,-5672.305406839937,rth,Ba+2,149,divalent,448063445,-5646.739408910425,-5647.13144935937,-24.918320848578,-25.308147011253,573567456.0,-5672.419424786978,109.48892750010502,53.16546010488548,-1700.4763055286282,-676.9876374601835,1023.4886680684448,52.960496893691285
462149097,-15245.598774800646,pau,Sr+2,132,divalent,448071016,-15214.971885627465,-15215.465228078257,-30.100213482909,-30.519775878949,573488117.0,-15246.01307851057,87.98988828780901,3.6398387600671644,-1382.7871301457303,-281.2259754302221,1101.561154715508,-73.70974547148666
489300070,-5856.165282356827,rth,Na+,116,monovalent,448063209,-5693.891038093509,-5694.068139942498,-162.080818395016,-162.195871800502,573583693.0,-5856.259089443433,0.2575798400311654,0.0,-507.8396559120759,-205.76691679787862,302.07273911419725,12.923498497765816
482245151,-11597.051680662782,ufi,Na+,116,monovalent,449299346,-11434.781767458044,-11435.057979001365,-162.080818395016,-162.195871800502,573467310.0,-11597.279622031285,6.829941222346841,0.5945825684839914,-496.46846074476434,-194.395721630567,302.07273911419736,-67.66236798989414
461440120,-11458.911616587924,ufi,Rb+,166,monovalent,449299295,-11434.779432352667,-11435.055400310788,-23.948670423916,-24.034869967208,573219088.0,-11459.10821961993,16.1668912560516,10.043837633292446,-481.8155483791576,-255.49863022610185,226.31691815305572,-47.126000835857425
463253799,-11413.191211510617,ufi,Ba+2,149,divalent,449300151,-11387.678620512985,-11388.129118748135,-24.918320848578,-25.308147011253,573543650.0,-11413.471738479133,63.62816018747139,4.385977098523156,-1560.256395196065,-536.7677271276201,1023.4886680684448,-90.5081325855559
462277144,-11418.332355069044,ufi,Sr+2,132,divalent,449302032,-11387.651480790202,-11388.124265413117,-30.100213482909,-30.519775878949,573219129.0,-11418.674371785724,149.60409333411232,18.602353242884686,-1524.5250358533538,-422.96388113784553,1101.561154715508,-79.63271716738606
462149014,-15245.61317172025,pau,Sr+2,132,divalent,448069407,-15214.963113812433,-15215.465051678599,-30.100213482909,-30.519775878949,573504230.0,-15246.013697987331,50.19077298992413,2.0134023998236854,-1443.6166475635766,-342.0554928480683,1101.5611547155083,-75.79931917122214
463252034,-5672.316863127247,d6r,Ba+2,149,divalent,448062857,-5646.720365233697,-5647.114567595326,-24.918320848578,-25.308147011253,573210683.0,-5672.430718469771,121.77152886976896,65.67486166311846,-1780.5539672115103,-757.0652991430655,1023.4886680684448,-21.014144411783935
463249284,-15240.430459160858,pau,Ba+2,149,divalent,448070372,-15214.957611891605,-15215.464838010002,-24.918320848578,-25.308147011253,573210695.0,-15240.811381309395,93.51856341018261,2.507994393890356,-1455.9092283879718,-432.420560319527,1023.4886680684448,-100.80946218972568
463249623,-11418.384231697055,ufi,Sr+2,132,divalent,449301770,-11387.679574349657,-11388.128114634339,-30.100213482909,-30.519775878949,573563662.0,-11418.679981510219,13.401996115678537,3.8740204614003515,-1586.9674871049017,-485.4063323893936,1101.561154715508,-84.2549188594023
462363490,-5713.953435174359,rth,Cs+,167,monovalent,448063209,-5693.891038093509,-5694.068139942498,-20.008501340953,-20.084647715297,573567464.0,-5714.055756145995,0.0,0.0,-141.503275876682,58.41904519276213,199.92232106944414,254.7562536394434
461443243,-11418.388824475922,sod,Sr+2,132,divalent,448065529,-11387.667886236428,-11388.14351211466,-30.100213482909,-30.519775878949,573237176.0,-11418.695198548106,111.83330951762338,8.790635215446454,-1629.7129725588456,-528.1518178433373,1101.5611547155083,-83.78116721362814
461438806,-15245.594639791665,pau,Sr+2,132,divalent,448072756,-15214.967500949728,-15215.465164785859,-30.100213482909,-30.519775878949,573210575.0,-15246.013011142235,98.8463551954586,3.8167143378560278,-1383.4426355137914,-281.8814807982832,1101.561154715508,-73.69904409837785
463252278,-11413.186985911825,ufi,Ba+2,149,divalent,449300099,-11387.687796352218,-11388.12765649123,-24.918320848578,-25.308147011253,573883262.0,-11413.470324064629,74.72247066070007,8.099522662510473,-1525.0709169797237,-501.58224891127884,1023.4886680684449,-90.63374281847177
463249628,-5672.321259804243,rth,Ba+2,149,divalent,448063462,-5646.80461332879,-5647.153821688608,-24.918320848578,-25.308147011253,573210559.0,-5672.419201057803,67.86696654450289,53.75286110006181,-1570.9040530252953,-547.4153849568505,1023.4886680684448,112.28645277862422
463252845,-5677.583764882336,rth,Sr+2,132,divalent,448063460,-5646.79796772346,-5647.151768453778,-30.100213482909,-30.519775878949,573211166.0,-5677.67158105954,0.0,0.0,-1800.0000783692758,-698.4389236537677,1101.561154715508,-0.09642625520490097
462277162,-11418.353460602826,ufi,Sr+2,132,divalent,449301923,-11387.65785998341,-11388.125940188525,-30.100213482909,-30.519775878949,573222561.0,-11418.676989152442,94.19151016771549,11.730456402722908,-1563.1890459763692,-461.6278912608611,1101.561154715508,-82.10749083652307
462303251,-11418.379566179925,ufi,Sr+2,132,divalent,449300594,-11387.692600519676,-11388.130339660223,-30.100213482909,-30.519775878949,573518145.0,-11418.680183928507,25.651312273541773,3.342571204174036,-1540.5179589551951,-438.95680423968685,1101.5611547155083,-78.94456221213214
461439665,-15245.611457758412,pau,Sr+2,132,divalent,448069238,-15214.961228923874,-15215.464974489192,-30.100213482909,-30.519775878949,573518918.0,-15246.013615551106,54.690780137322115,2.2298387251977716,-1444.065415705569,-342.5042609900608,1101.561154715508,-75.78554364808063
462303491,-3942.446620657897,d4r,Na+,116,monovalent,448062303,-3780.251431666245,-3780.398138893088,-162.080818395016,-162.195871800502,573563668.0,-3942.510452321414,0.0,0.0,-300.28002434135965,1.7927147728376591,302.0727391141973,219.3825228593527
462353085,-11418.377966453863,ufi,Sr+2,132,divalent,449301707,-11387.674893184983,-11388.127663682675,-30.100213482909,-30.519775878949,573609541.0,-11418.679661612396,29.8513933682524,4.713912259454543,-1582.8084886387217,-481.2473339232135,1101.561154715508,-84.599000745053
462276725,-15245.619176896444,pau,Sr+2,132,divalent,448075270,-15214.945351464328,-15215.464281203895,-30.100213482909,-30.519775878949,573211333.0,-15246.013737423069,34.42418169189202,1.9098638629659352,-1506.0182873636304,-404.4571326481222,1101.561154715508,-77.92573919763363
462277539,-11413.190840307649,sod,Ba+2,149,divalent,448066168,-11387.652026660382,-11388.139427275917,-24.918320848578,-25.308147011253,573242095.0,-11413.483700802088,136.01468159738477,13.353196632663703,-1629.1039670554283,-605.6152989869834,1023.4886680684449,-94.85017214141862
462353075,-11413.110987423508,ufi,Ba+2,149,divalent,449301785,-11387.603904589021,-11388.101332885046,-24.918320848578,-25.308147011253,574823194.0,-11413.44985620662,274.25651693682454,61.837887957365695,-1545.7947117563149,-522.30604368787,1023.4886680684449,-106.00801082370334
463253010,-5677.550843609848,rth,Sr+2,132,divalent,448063444,-5646.738770084246,-5647.12932889171,-30.100213482909,-30.519775878949,573571471.0,-5677.654053476427,86.43480750212382,46.018672967375814,-1868.9886844614095,-767.4275297459013,1101.561154715508,-12.99282798296579
462303317,-11413.154998267513,sod,Ba+2,149,divalent,448065539,-11387.616278944159,-11388.123283727045,-24.918320848578,-25.308147011253,573592069.0,-11413.466653764599,230.11796514107925,58.11019696875088,-1628.8563196056584,-605.3676515372135,1023.4886680684449,-92.47806259667937
463250375,-5672.347108961118,rth,Ba+2,149,divalent,448063460,-5646.79796772346,-5647.151768453778,-24.918320848578,-25.308147011253,573503213.0,-5672.439674436971,0.0,0.0,-1656.2190576929652,-632.7303896245204,1023.4886680684448,53.14282321969611
463249907,-5672.31248092157,rth,Ba+2,149,divalent,448063402,-5646.786235828034,-5647.148936197676,-24.918320848578,-25.308147011253,573210704.0,-5672.417493281416,90.91592475861164,58.23662834533269,-1596.1052267223188,-572.616558653874,1023.4886680684448,103.94336260513707
462276719,-15245.526353562784,pau,Sr+2,132,divalent,448071182,-15214.87145457257,-15215.440349024842,-30.100213482909,-30.519775878949,573669480.0,-15245.989029626324,278.13186278064666,66.7801891588726,-1456.3269103638672,-354.7657556483589,1101.5611547155083,-75.88935478992614
463251526,-5677.572233717787,rth,Sr+2,132,divalent,448063453,-5646.798842223599,-5647.151952725234,-30.100213482909,-30.519775878949,573209497.0,-5677.662575123272,30.275074831008077,23.645087471208015,-1767.4290032468048,-665.8678485312967,1101.561154715508,24.03246596168571
463867383,-7591.2248556529,d8r,Sr+2,132,divalent,448063971,-7560.40278072038,-7560.795758535838,-30.100213482909,-30.519775878949,574825783.0,-7591.39096021746,0.0,0.0,-1895.2473803261887,-793.6862256106804,1101.5611547155083,-198.03046000259772
463251641,-7585.954252042658,d8r,Ba+2,149,divalent,448063912,-7560.425588553414,-7560.799779538828,-24.918320848578,-25.308147011253,573567419.0,-7586.104890021007,59.077845392087475,211.83082697112727,-1602.454725136135,-578.9660570676903,1023.4886680684448,7.97240769145305
462363478,-11413.162135264567,ufi,Ba+2,149,divalent,449301742,-11387.658361582222,-11388.122227805725,-24.918320848578,-25.308147011253,574824947.0,-11413.471503222192,139.96785000687385,5.003644243824966,-1537.1065321461622,-513.6178640777173,1023.4886680684449,-107.9826361155877
461442745,-15424.315972148159,pau,Na+,116,monovalent,448067954,-15262.047406170735,-15262.391908315227,-162.080818395016,-162.195871800502,573211401.0,-15424.607104515644,0.0,0.0,-492.931315160025,-190.8585760458277,302.0727391141973,-50.736215842402466
463255379,-15245.612160084878,pau,Sr+2,132,divalent,448069501,-15214.938614724177,-15215.464013441313,-30.100213482909,-30.519775878949,573223278.0,-15246.01348068759,52.84682186004388,2.5839229134171213,-1505.2829598108772,-403.72180509536884,1101.5611547155083,-77.95469085883914
462148810,-11418.373400564105,ufi,Sr+2,132,divalent,449300151,-11387.678620512985,-11388.129118748135,-30.100213482909,-30.519775878949,573211188.0,-11418.679746715861,41.8391378409057,4.490473093480119,-1561.0346437531048,-459.4734890375965,1101.5611547155083,-81.0021652558475
462277618,-11413.192294206081,ufi,Ba+2,149,divalent,449301244,-11387.673697475662,-11388.129841823666,-24.918320848578,-25.308147011253,573223202.0,-11413.471768830132,60.78554303022019,4.306290545330919,-1576.0244478279947,-552.5357797595498,1023.4886680684449,-88.68938418771891
461440580,-15245.631055343814,pau,Sr+2,132,divalent,448069823,-15214.959012251664,-15215.464986748168,-30.100213482909,-30.519775878949,,,3.23731574445334,,-1501.3387534294545,-399.7775987139463,1101.561154715508,
463254662,-15240.438745889105,pau,Ba+2,149,divalent,448075212,-15214.943052429484,-15215.464385420764,-24.918320848578,-25.308147011253,573209456.0,-15240.811713320765,71.76175673985212,1.6362984752398873,-1515.8919057683938,-492.40323769994893,1023.4886680684449,-102.86943124377095
463254186,-15240.434675548855,pau,Ba+2,149,divalent,448069237,-15214.962381515019,-15215.465042760721,-24.918320848578,-25.308147011253,573209472.0,-15240.811587894115,82.4484358805825,1.9656061696423486,-1454.4567086897262,-430.9680406212814,1023.4886680684448,-100.81427736109137
463251472,-5677.547563849203,rth,Sr+2,132,divalent,448063441,-5646.739120778393,-5647.131068188201,-30.100213482909,-30.519775878949,573583664.0,-5677.651674981372,95.04581973271831,52.263412210979716,-1859.4569246787294,-757.8957699632211,1101.561154715508,-2.181565454392824
461438427,-15245.612291444548,pau,Sr+2,132,divalent,448069237,-15214.962381515019,-15215.465042760721,-30.100213482909,-30.519775878949,573211307.0,-15246.01368866963,52.50193702158581,2.0378660290209423,-1443.2281305395875,-341.6669758240794,1101.561154715508,-75.79826943116959
462277088,-11413.195241258582,ufi,Ba+2,149,divalent,449300833,-11387.691475035055,-11388.12898996098,-24.918320848578,-25.308147011253,574588910.0,-11413.470854780602,53.04805610066595,6.706127767727425,-1537.0869490159112,-513.5982809474663,1023.4886680684449,-88.52611261653313
462148746,-11454.980061323884,ufi,Cs+,167,monovalent,449299292,-11434.779388178818,-11435.057487729544,-20.008501340953,-20.084647715297,573503808.0,-11455.174658886155,0.0,0.0,-504.54711013197505,-304.6247890625309,199.92232106944414,-85.3903016751779
481214975,-7591.211712193784,d8r,Sr+2,132,divalent,448063925,-7560.347822284581,-7560.774933861228,-30.100213482909,-30.519775878949,574851810.0,-7591.357581350789,34.5081545395635,87.63622112108251,-2005.0326099700642,-903.471455254556,1101.561154715508,-165.0694262341774
462303231,-11413.107669153456,ufi,Ba+2,149,divalent,449300126,-11387.608207489408,-11388.10423421482,-24.918320848578,-25.308147011253,573241642.0,-11413.444321798012,282.9686356213482,76.36847886608065,-1525.7853272467385,-502.29665917829374,1023.4886680684447,-83.85997801434078
462277232,-15862.000410376084,pau,K+,152,monovalent,448067954,-15262.047406170735,-15262.391908315227,-599.75660308502,-599.851578329495,573210685.0,-15862.271425839928,0.0,0.0,-515.6511807025955,-266.2936573381495,249.35752336444602,-73.35436260220575
463868293,-11413.200718324171,ufi,Ba+2,149,divalent,449300594,-11387.692600519676,-11388.130339660223,-24.918320848578,-25.308147011253,573536884.0,-11413.466257802813,38.668019299416606,18.775493873017624,-1548.5120257188462,-525.0233576504014,1023.4886680684448,-72.91311087803999
462277108,-15245.588851908276,pau,Sr+2,132,divalent,448070224,-15214.96136760324,-15215.465019056324,-30.100213482909,-30.519775878949,573569458.0,-15246.012864132752,114.0424441898589,4.202687764989429,-1384.3496489485492,-282.78849423304086,1101.5611547155083,-73.69568359395286
462353323,-15240.435555801992,pau,Ba+2,149,divalent,448069407,-15214.963113812433,-15215.465051678599,-24.918320848578,-25.308147011253,573518912.0,-15240.811589522778,80.13733109218694,1.9613301143862012,-1454.845166470449,-431.3564984020042,1023.4886680684447,-100.7951395272028
463254639,-15240.41568039544,pau,Ba+2,149,divalent,448069176,-15214.965766046076,-15215.465107813427,-24.918320848578,-25.308147011253,573632975.0,-15240.810885062938,132.32021497265018,3.810889566675739,-1395.698842629979,-372.2101745615343,1023.4886680684447,-98.79819807303308
462144912,-11418.358497644387,ufi,Sr+2,132,divalent,449300110,-11387.676232142738,-11388.126828403507,-30.100213482909,-30.519775878949,573237162.0,-11418.678143591073,80.9667565416879,8.699477546952517,-1528.1776916134695,-426.61653689796117,1101.5611547155083,-82.80646108101854
463254142,-11413.1896089,ufi,Ba+2,149,divalent,449301587,-11387.690813613202,-11388.12777444829,-24.918320848578,-25.308147011253,573844873.0,-11413.470214633495,67.83581468247625,8.386834126060105,-1524.035753640867,-500.547085572422,1023.4886680684449,-90.03673506802812
463252040,-7585.953513642281,d8r,Ba+2,149,divalent,448063889,-7560.422582081847,-7560.799465487748,-24.918320848578,-25.308147011253,574849337.0,-7586.17274790096,61.01651572846906,33.66994958426652,-1608.4095464990257,-584.9208784305808,1023.4886680684449,-171.01301086833857
463254267,-5677.559894549114,d6r,Sr+2,132,divalent,448062842,-5646.75775234974,-5647.131954409839,-30.100213482909,-30.519775878949,573496319.0,-5677.655485287975,63.96748248918051,59.39700841144021,-1842.9139854633459,-741.3528307478376,1101.561154715508,-9.858751118106671
463249899,-6293.820317963568,d6r,K+,152,monovalent,448062702,-5693.888313432313,-5694.06626506826,-599.75660308502,-599.851578329495,573210670.0,-6293.914638586472,0.0,0.0,-460.516532170916,-211.15900880646996,249.35752336444602,8.414232663019234
463253252,-15240.425676409392,pau,Ba+2,149,divalent,448069623,-15214.952590742983,-15215.46468380843,-24.918320848578,-25.308147011253,573569495.0,-15240.811229623774,106.07567834160011,2.9062450220294416,-1456.5351401662201,-433.0464720977754,1023.4886680684447,-100.81606782106125
462277535,-11413.128472252007,ufi,Ba+2,149,divalent,449302556,-11387.608164049625,-11388.107233754834,-24.918320848578,-25.308147011253,573240133.0,-11413.451888921649,228.35009621649772,56.500994242996335,-1580.51791780931,-557.0292497408651,1023.4886680684448,-95.85216972926143
462149196,-15245.599724337084,pau,Sr+2,132,divalent,448070786,-15214.973096519883,-15215.46525632148,-30.100213482909,-30.519775878949,573569462.0,-15246.013099442338,85.49688018131292,3.584882399727286,-1382.1009399655784,-280.5397852500701,1101.5611547155083,-73.69054924441674
462277204,-15245.623648164907,pau,Sr+2,132,divalent,448069342,-15214.950251025874,-15215.464701045443,-30.100213482909,-30.519775878949,573211311.0,-15246.01415207369,22.684865447976,0.8211985728190473,-1504.8938037905957,-403.33264907508755,1101.561154715508,-77.91211041917879
462303194,-11413.220256720688,sod,Ba+2,149,divalent,448065169,-11387.682909327448,-11388.146368131791,-24.918320848578,-25.308147011253,573567450.0,-11413.488786764996,58.78188327983049,0.0,-1625.254316814193,-601.7656487457483,1023.4886680684448,-89.9801502891548
462277584,-11413.14392838334,ufi,Ba+2,149,divalent,449300152,-11387.642615851475,-11388.119799862452,-24.918320848578,-25.308147011253,573804208.0,-11413.464919718233,187.77002030825076,22.288635203853875,-1530.644781069806,-507.1561130013611,1023.4886680684449,-97.07221070382624
462147953,-12034.723295088159,ufi,K+,152,monovalent,449299292,-11434.779388178818,-11435.057487729544,-599.75660308502,-599.851578329495,573222924.0,-12034.928169834815,4.336545524960679,0.0,-491.7662282144098,-242.40870484996375,249.35752336444605,-50.15696712061336
462277575,-11413.185588134074,ufi,Ba+2,149,divalent,449300592,-11387.686322108484,-11388.127537954004,-24.918320848578,-25.308147011253,574305865.0,-11413.470410407137,78.3923364248588,7.872830389335443,-1525.2716784347258,-501.78301036628096,1023.4886680684449,-91.17165460147388
462352984,-3763.736316648656,d4r,Sr+2,132,divalent,448062377,-3733.083719845403,-3733.445685069727,-30.100213482909,-30.519775878949,573209956.0,-3763.807437331519,92.96786463082564,53.566424971261064,-1450.282518040748,-348.72136332523974,1101.5611547155083,414.8910384506023
463252934,-5672.327960456915,d6r,Ba+2,149,divalent,448062840,-5646.720551355058,-5647.114919627998,-24.918320848578,-25.308147011253,573580872.0,-5672.436252089684,92.63548760751722,51.1463414748997,-1809.20134680227,-785.7126787338252,1023.4886680684449,-34.61840274978801
463252350,-5672.345108333766,d6r,Ba+2,149,divalent,448062842,-5646.75775234974,-5647.131954409839,-24.918320848578,-25.308147011253,573211445.0,-5672.448207090004,47.613733506466126,19.7584857435147,-1756.5518819247961,-733.0632138563512,1023.4886680684449,-21.28143535021018
462303385,-15240.416397712688,pau,Ba+2,149,divalent,448071213,-15214.942679017819,-15215.463702980016,-24.918320848578,-25.308147011253,573632985.0,-15240.810251867339,130.43689839212774,5.4733447390694,-1458.197156518178,-434.7084884497332,1023.4886680684448,-100.82413330103391
481214830,-11413.20687984345,ufi,Ba+2,149,divalent,449300987,-11387.686681497858,-11388.130113525087,-24.918320848578,-25.308147011253,573630586.0,-11413.468115036365,22.490949200161516,13.899326810603219,-1580.229488785182,-556.7408207167372,1023.4886680684448,-78.38299578648943
462276332,-11458.912183073106,ufi,Rb+,166,monovalent,449299337,-11434.781378675954,-11435.05677157272,-23.948670423916,-24.034869967208,573543337.0,-11459.109827726787,14.67958429877896,5.821752758564606,-478.192783155876,-251.87586500282026,226.31691815305572,-47.747837236160635
462277195,-15245.585069005117,pau,Sr+2,132,divalent,448069816,-15214.933988006469,-15215.462902448779,-30.100213482909,-30.519775878949,573518910.0,-15246.011550167765,123.97445719022433,7.652503101874356,-1446.3027727474794,-344.7416180319711,1101.5611547155083,-75.80302179177865
463249544,-12034.724946790766,ufi,K+,152,monovalent,449299295,-11434.779432352667,-11435.055400310788,-599.75660308502,-599.851578329495,573210693.0,-12034.923655294891,0.0,11.852925472183259,-495.9867952914646,-246.62927192701855,249.35752336444605,-43.78456000917169
462277624,-15240.422673860596,pau,Ba+2,149,divalent,448071053,-15214.97381647611,-15215.465271014842,-24.918320848578,-25.308147011253,573569476.0,-15240.811036031826,113.9588708056095,3.414520720532717,-1392.9237811350072,-369.4351130665624,1023.4886680684448,-98.76608157016862
461444049,-11458.917774230287,ufi,Rb+,166,monovalent,449299292,-11434.779388178818,-11435.057487729544,-23.948670423916,-24.034869967208,573223214.0,-11459.112045114833,0.0,0.0,-498.09841808311506,-271.78149993005934,226.31691815305572,-51.68932010840829
462353661,-5714.028251279637,d6r,Cs+,167,monovalent,448062702,-5693.888313432313,-5694.06626506826,-20.008501340953,-20.084647715297,573223168.0,-5714.130008568294,0.0,0.0,-345.08657376273675,-145.16425269329264,199.9223210694441,54.884021352707244
463252746,-11413.17209820152,ufi,Ba+2,149,divalent,449302226,-11387.671793704543,-11388.126259710263,-24.918320848578,-25.308147011253,574306435.0,-11413.470635731324,113.81015704567186,7.28124169040826,-1527.998185266316,-504.5095171978713,1023.4886680684449,-95.11927249718234
534877745,-7591.189972963407,d8r,Sr+2,132,divalent,448063951,-7560.411455265735,-7560.798137518685,-30.100213482909,-30.519775878949,574848607.0,-7591.379058915442,91.58450824123751,31.2468708274091,-1780.8878515216663,-679.326696806158,1101.5611547155083,-160.53756923592158
463254043,-15240.430758042481,pau,Ba+2,149,divalent,448071074,-15214.958053093267,-15215.46492070976,-24.918320848578,-25.308147011253,573569493.0,-15240.811464863087,92.73384964878295,2.2886241585891334,-1455.5355670965068,-432.04689902806206,1023.4886680684448,-100.81170419752397
462276763,-15245.593882503908,pau,Sr+2,132,divalent,448071213,-15214.942679017819,-15215.463702980016,-30.100213482909,-30.519775878949,573518099.0,-15246.012349939205,100.83461435197906,5.552703025825543,-1446.6243635491915,-345.0632088336832,1101.5611547155083,-75.8010269437346
462353414,-11413.176361895516,ufi,Ba+2,149,divalent,449300110,-11387.676232142738,-11388.126828403507,-24.918320848578,-25.308147011253,574590570.0,-11413.470500186339,102.61582760615023,7.637115077797642,-1527.539394338533,-504.0507262700882,1023.4886680684447,-93.27029488492485
463868745,-11413.209591791185,ufi,Ba+2,149,divalent,449300644,-11387.685284676629,-11388.128713650074,-24.918320848578,-25.308147011253,573242285.0,-11413.46566528274,15.37072988085065,20.331155443292538,-1591.0170625224835,-567.5283944540386,1023.4886680684449,-75.62653927986557
463253202,-15240.422028160006,pau,Ba+2,149,divalent,448070407,-15214.97273384371,-15215.465249632138,-24.918320848578,-25.308147011253,573518955.0,-15240.811026809666,115.65415783196353,3.4387335030913,-1394.0709456904078,-370.58227762196293,1023.4886680684449,-98.79800908199962
462146529,-12034.721104531,ufi,K+,152,monovalent,449299346,-11434.781767458044,-11435.057979001365,-599.75660308502,-599.851578329495,573518953.0,-12034.926854006015,10.087853784913802,3.4547087781327837,-479.7681218724401,-230.41059850799408,249.357523364446,-45.41242407720736
463251312,-6293.800842723561,rth,K+,152,monovalent,448063209,-5693.891038093509,-5694.068139942498,-599.75660308502,-599.851578329495,573519184.0,-6293.895878019963,2.2831690883130427,0.0,-402.23068712049377,-152.87316375604777,249.357523364446,62.59258647467702
463252603,-15240.434560281006,pau,Ba+2,149,divalent,448069501,-15214.938614724177,-15215.464013441313,-24.918320848578,-25.308147011253,573488125.0,-15240.811356615235,82.75107164050686,2.572828915770306,-1516.5537870395494,-493.06511897110454,1023.4886680684449,-102.90953292702915
462353260,-15240.418658483695,pau,Ba+2,149,divalent,448070307,-15214.945170908944,-15215.464286356615,-24.918320848578,-25.308147011253,573632981.0,-15240.810832481679,124.50124366094069,3.948941673475891,-1457.5903506001248,-434.1016825316799,1023.4886680684449,-100.81688098921293
461441234,-15245.630612882333,pau,Sr+2,132,divalent,448074198,-15214.958580697881,-15215.464978600156,-30.100213482909,-30.519775878949,573569464.0,-15246.014419596824,4.398998453215494,0.1188165322679557,-1501.3101152632687,-399.74896054776036,1101.5611547155083,-77.88577250592402
463251796,-5717.95448393205,rth,Rb+,166,monovalent,448063209,-5693.891038093509,-5694.068139942498,-23.948670423916,-24.034869967208,573583646.0,-5718.04894439905,1.5927475086211642,0.030443772469297435,-301.3428740510452,-75.02595589798945,226.31691815305578,141.94900904149046
462277248,-11418.354207906483,ufi,Sr+2,132,divalent,449302226,-11387.671793704543,-11388.126259710263,-30.100213482909,-30.519775878949,573224152.0,-11418.677593824312,92.22946426763947,10.142890287232616,-1528.5681042548226,-427.00694953931435,1101.5611547155083,-82.85615256560655
462149291,-15245.59311069437,pau,Sr+2,132,divalent,448069176,-15214.965766046076,-15215.465107813427,-30.100213482909,-30.519775878949,573209452.0,-15246.012961309189,102.8610004496508,3.947551011231082,-1383.9829801438432,-282.42182542833496,1101.561154715508,-73.71778855793455
482133069,-7585.928590900376,d8r,Ba+2,149,divalent,448063972,-7560.384534473465,-7560.792080570787,-24.918320848578,-25.308147011253,574810635.0,-7586.148659472982,126.45117958553176,96.91412205662533,-1642.8688860606305,-619.3802179921859,1023.4886680684447,-127.1579393545947
481215179,-7591.205227782642,d8r,Sr+2,132,divalent,448063972,-7560.384534473465,-7560.792080570787,-30.100213482909,-30.519775878949,574848483.0,-7591.352497373246,51.53297728759554,100.98420517730973,-1891.619927964812,-790.0587732493037,1101.561154715508,-106.70275280197527
481215268,-15861.997100680186,pau,K+,152,monovalent,448067945,-15262.05075358584,-15262.391973813264,-599.75660308502,-599.851578329495,573518132.0,-15862.270853463275,8.68960724153278,1.502775018261634,-498.1729344356481,-248.81541107120208,249.357523364446,-71.67962247297697
462303479,-15240.445981213863,pau,Ba+2,149,divalent,448069342,-15214.950251025874,-15215.464701045443,-24.918320848578,-25.308147011253,573569468.0,-15240.812025558309,52.76541014103204,0.8165187416322016,-1515.988336106675,-492.4996680382302,1023.4886680684448,-102.86053832090882
462352977,-3763.771726230659,d4r,Sr+2,132,divalent,448062379,-3733.134114026999,-3733.467040234939,-30.100213482909,-30.519775878949,573222475.0,-3763.827839700931,0.0,0.0,-1410.940448811382,-309.37929409587395,1101.561154715508,417.39260401407074
463254835,-11413.206480603923,ufi,Ba+2,149,divalent,449301550,-11387.686850115335,-11388.12844599841,-24.918320848578,-25.308147011253,573210596.0,-11413.468783797294,23.5391526576601,12.143494856896595,-1578.7385801095477,-555.2499120411029,1023.4886680684448,-84.51691936180525
462363482,-11413.16084661543,ufi,Ba+2,149,divalent,449301072,-11387.653963654153,-11388.12427171503,-24.918320848578,-25.308147011253,573224058.0,-11413.46499626596,143.35119857318824,22.08765913110602,-1545.2699446046215,-521.7812765361767,1023.4886680684448,-85.53233693678075
462146817,-11418.346499276075,ufi,Sr+2,132,divalent,449300237,-11387.660505296999,-11388.126251128979,-30.100213482909,-30.519775878949,573601420.0,-11418.676304147602,112.46847494599065,13.528936745561097,-1537.9668098416357,-436.4056551261275,1101.561154715508,-79.49263627123655
462276625,-15245.625520509973,pau,Sr+2,132,divalent,448069512,-15214.952746301657,-15215.464839355382,-30.100213482909,-30.519775878949,573223174.0,-15246.01428452259,17.769023100995216,0.47345396328617245,-1503.2582990700553,-401.697144354547,1101.5611547155083,-77.89672225660512
462303080,-11413.15042448257,ufi,Ba+2,149,divalent,449302032,-11387.651480790202,-11388.124265413117,-24.918320848578,-25.308147011253,573241608.0,-11413.464687085185,170.71451048203113,22.899413319621434,-1524.425392494961,-500.9367244265161,1023.4886680684449,-84.73712842540074
463865377,-5677.546454474615,d6r,Sr+2,132,divalent,448062840,-5646.720551355058,-5647.114919627998,-30.100213482909,-30.519775878949,573604211.0,-5677.653976482668,99.25440077473493,63.358377046499015,-1905.2982861563166,-803.7371314408083,1101.5611547155083,-50.6222056140107
463251507,-7585.957115462167,d8r,Ba+2,149,divalent,448064158,-7560.4298562904,-7560.800085557217,-24.918320848578,-25.308147011253,573209522.0,-7586.104937706102,51.559936896962746,211.70562974568045,-1598.7676893219168,-575.2790212534719,1023.4886680684449,8.650661807484573
463253580,-11413.158481322474,sod,Ba+2,149,divalent,448065435,-11387.617422440208,-11388.12384826877,-24.918320848578,-25.308147011253,573224005.0,-11413.466524956222,220.97320364389086,58.44838338768979,-1634.998831997955,-611.5101639295102,1023.4886680684448,-90.65767176823779
462277104,-11418.36015534004,ufi,Sr+2,132,divalent,449300951,-11387.672027819335,-11388.127469231778,-30.100213482909,-30.519775878949,573614614.0,-11418.678871031252,76.6144762726892,6.789583209880892,-1543.5684238166455,-442.00726910113724,1101.561154715508,-83.03386066291463
462277487,-11418.293673027114,ufi,Sr+2,132,divalent,449301785,-11387.603904589021,-11388.101332885046,-30.100213482909,-30.519775878949,573518121.0,-11418.651287179033,251.16380215736848,79.21099272848276,-1547.8766527462449,-446.3154980307367,1101.561154715508,-79.23343471783484
463253465,-15240.348881122713,pau,Ba+2,149,divalent,448071182,-15214.87145457257,-15215.440349024842,-24.918320848578,-25.308147011253,573211403.0,-15240.786935856395,307.7017188764869,66.68953613507387,-1467.9321312771622,-444.4434632087174,1023.4886680684448,-100.92375588426806
462303371,-11418.36298952294,ufi,Sr+2,132,divalent,449304146,-11387.678108687707,-11388.125706119537,-30.100213482909,-30.519775878949,573583720.0,-11418.678085177262,69.1733285014105,8.852843018419533,-1535.044250461039,-433.48309574553076,1101.561154715508,-85.5996523956157
463254352,-15240.398607015852,pau,Ba+2,149,divalent,448069988,-15214.92483351884,-15215.460614903901,-24.918320848578,-25.308147011253,573569491.0,-15240.807173052539,177.14637649457083,13.556773611351614,-1458.3410395521094,-434.85237148366446,1023.4886680684449,-100.8484488865386
462277910,-11413.197656601798,ufi,Ba+2,149,divalent,449301534,-11387.690054510529,-11388.131401025013,-24.918320848578,-25.308147011253,573209440.0,-11413.468441985478,46.706572001749194,13.04092184768167,-1547.1580205422372,-523.6693524737923,1023.4886680684449,-75.86106943475987
462353588,-15240.42129253397,pau,Ba+2,149,divalent,448071016,-15214.971885627465,-15215.465228078257,-24.918320848578,-25.308147011253,573223170.0,-15240.81100347441,117.58554413594585,3.500000224036066,-1394.3665513067288,-370.8778832382839,1023.4886680684449,-98.79333207806094
463253542,-11413.21646379621,sod,Ba+2,149,divalent,448065436,-11387.679086194636,-11388.14594638135,-24.918320848578,-25.308147011253,573223984.0,-11413.48834799772,68.74020725340522,1.1519835712505886,-1625.3336288047606,-601.8449607363157,1023.4886680684449,-89.93547258534062
489300010,-5677.566637931427,rth,Sr+2,132,divalent,448063416,-5646.786195128386,-5647.148624768062,-30.100213482909,-30.519775878949,573519166.0,-5677.661732092557,44.96681303746103,25.858464782727644,-1785.9422160532129,-684.3810613377046,1101.561154715508,17.508291053374485
461442952,-15245.576034612099,pau,Sr+2,132,divalent,448069988,-15214.92483351884,-15215.460614903901,-30.100213482909,-30.519775878949,573218858.0,-15246.009268888934,147.69425786779777,13.642001126810358,-1446.618081169747,-345.0569264542388,1101.561154715508,-75.81947330053669
462276276,-11458.915387352974,ufi,Rb+,166,monovalent,449299346,-11434.781767458044,-11435.057979001365,-23.948670423916,-24.034869967208,573219974.0,-11459.11146374101,6.266746863329783,1.5263970874315924,-485.58487313776874,-259.26795498471296,226.31691815305578,-48.87308875570348
462277614,-11413.182222650337,ufi,Ba+2,149,divalent,449302851,-11387.669156091035,-11388.128512103578,-24.918320848578,-25.308147011253,573580674.0,-11413.471908201072,87.22841464963405,3.940372112347362,-1561.504982456026,-538.0163143875811,1023.4886680684449,-92.54648297663188
462353043,-11413.182146192945,ufi,Ba+2,149,divalent,449300666,-11387.673080644108,-11388.130279031478,-24.918320848578,-25.308147011253,573223369.0,-11413.468532487363,87.42915354873564,12.803309132646516,-1551.0003286778674,-527.5116606094225,1023.4886680684449,-79.0444764002837
461438632,-15245.586136035412,pau,Sr+2,132,divalent,448070362,-15214.958474712957,-15215.464858835745,-30.100213482909,-30.519775878949,573210658.0,-15246.012711327054,121.17296893858942,4.603879156267007,-1384.8144082163208,-283.2532535008125,1101.5611547155083,-73.71515136579248
462144633,-8207.45881064447,d8r,K+,152,monovalent,448063700,-7607.517561306748,-7607.726728574284,-599.75660308502,-599.851578329495,573467304.0,-8207.587597549315,0.0,0.0,-484.7887733989732,-235.43125003452718,249.35752336444602,-24.392591712294912
462363427,-15240.408755797782,pau,Ba+2,149,divalent,448070362,-15214.958474712957,-15215.464858835745,-24.918320848578,-25.308147011253,573569474.0,-15240.810635361253,150.50074750711698,4.466481390266561,-1396.6617066569283,-373.1730385884836,1023.4886680684447,-98.7962972023361
